{
    "annotations":
    {
        "list":
        [
            {
                "builtIn": 1,
                "datasource":
                {
                    "type": "datasource",
                    "uid": "grafana"
                },
                "enable": true,
                "hide": true,
                "iconColor": "rgba(0, 211, 255, 1)",
                "name": "Annotations & Alerts",
                "target":
                {
                    "limit": 100,
                    "matchAny": false,
                    "tags":
                    [],
                    "type": "dashboard"
                },
                "type": "dashboard"
            }
        ]
    },
    "editable": true,
    "fiscalYearStartMonth": 0,
    "graphTooltip": 0,
    "id": 40,
    "iteration": 1666256826289,
    "links":
    [],
    "liveNow": false,
    "panels":
    [
        {
            "collapse": false,
            "collapsed": false,
            "datasource":
            {
                "type": "prometheus"
            },
            "gridPos":
            {
                "h": 1,
                "w": 24,
                "x": 0,
                "y": 0
            },
            "id": 2,
            "panels":
            [],
            "showTitle": true,
            "title": "Current Bandwidth",
            "titleSize": "h6",
            "type": "row"
        },
        {
            "aliasColors":
            {},
            "bars": true,
            "dashLength": 10,
            "dashes": false,
            "datasource":
            {
                "type": "prometheus"
            },
            "fill": 2,
            "fillGradient": 0,
            "gridPos":
            {
                "h": 9,
                "w": 12,
                "x": 0,
                "y": 1
            },
            "hiddenSeries": false,
            "id": 3,
            "legend":
            {
                "alignAsTable": true,
                "avg": false,
                "current": true,
                "hideEmpty": true,
                "hideZero": true,
                "max": false,
                "min": false,
                "rightSide": true,
                "show": true,
                "sort": "current",
                "sortDesc": true,
                "total": false,
                "values": true
            },
            "lines": false,
            "linewidth": 1,
            "links":
            [],
            "minSpan": 24,
            "nullPointMode": "null",
            "options":
            {
                "alertThreshold": true
            },
            "paceLength": 10,
            "percentage": false,
            "pluginVersion": "8.5.4",
            "pointradius": 5,
            "points": false,
            "renderer": "flot",
            "seriesOverrides":
            [],
            "spaceLength": 10,
            "span": 24,
            "stack": false,
            "steppedLine": false,
            "targets":
            [
                {
                    "datasource":
                    {
                        "type": "prometheus"
                    },
                    "exemplar": true,
                    "expr": "sort_desc(sum(irate(container_network_receive_bytes_total{kubernetes_cluster_name=~\"$cluster\",namespace=~\".+\"}[$interval:$resolution])) by (namespace))",
                    "format": "time_series",
                    "interval": "",
                    "intervalFactor": 1,
                    "legendFormat": "{{namespace}}",
                    "refId": "A",
                    "step": 10
                }
            ],
            "thresholds":
            [],
            "timeRegions":
            [],
            "title": "Current Rate of Bytes Received",
            "tooltip":
            {
                "shared": true,
                "sort": 2,
                "value_type": "individual"
            },
            "type": "graph",
            "xaxis":
            {
                "mode": "series",
                "show": false,
                "values":
                [
                    "current"
                ]
            },
            "yaxes":
            [
                {
                    "format": "Bps",
                    "logBase": 1,
                    "min": 0,
                    "show": true
                },
                {
                    "format": "Bps",
                    "logBase": 1,
                    "min": 0,
                    "show": true
                }
            ],
            "yaxis":
            {
                "align": false
            }
        },
        {
            "aliasColors":
            {},
            "bars": true,
            "dashLength": 10,
            "dashes": false,
            "datasource":
            {
                "type": "prometheus"
            },
            "fill": 2,
            "fillGradient": 0,
            "gridPos":
            {
                "h": 9,
                "w": 12,
                "x": 12,
                "y": 1
            },
            "hiddenSeries": false,
            "id": 4,
            "legend":
            {
                "alignAsTable": true,
                "avg": false,
                "current": true,
                "hideEmpty": true,
                "hideZero": true,
                "max": false,
                "min": false,
                "rightSide": true,
                "show": true,
                "sort": "current",
                "sortDesc": true,
                "total": false,
                "values": true
            },
            "lines": false,
            "linewidth": 1,
            "links":
            [],
            "minSpan": 24,
            "nullPointMode": "null",
            "options":
            {
                "alertThreshold": true
            },
            "paceLength": 10,
            "percentage": false,
            "pluginVersion": "8.5.4",
            "pointradius": 5,
            "points": false,
            "renderer": "flot",
            "seriesOverrides":
            [],
            "spaceLength": 10,
            "span": 24,
            "stack": false,
            "steppedLine": false,
            "targets":
            [
                {
                    "datasource":
                    {
                        "type": "prometheus"
                    },
                    "exemplar": true,
                    "expr": "sort_desc(sum(irate(container_network_transmit_bytes_total{kubernetes_cluster_name=~\"$cluster\",namespace=~\".+\"}[$interval:$resolution])) by (namespace))",
                    "format": "time_series",
                    "interval": "",
                    "intervalFactor": 1,
                    "legendFormat": "{{namespace}}",
                    "refId": "A",
                    "step": 10
                }
            ],
            "thresholds":
            [],
            "timeRegions":
            [],
            "title": "Current Rate of Bytes Transmitted",
            "tooltip":
            {
                "shared": true,
                "sort": 2,
                "value_type": "individual"
            },
            "type": "graph",
            "xaxis":
            {
                "mode": "series",
                "show": false,
                "values":
                [
                    "current"
                ]
            },
            "yaxes":
            [
                {
                    "format": "Bps",
                    "logBase": 1,
                    "min": 0,
                    "show": true
                },
                {
                    "format": "Bps",
                    "logBase": 1,
                    "min": 0,
                    "show": true
                }
            ],
            "yaxis":
            {
                "align": false
            }
        },
        {
            "columns":
            [
                {
                    "$$hashKey": "object:664",
                    "text": "Time",
                    "value": "Time"
                },
                {
                    "$$hashKey": "object:665",
                    "text": "Value #A",
                    "value": "Value #A"
                },
                {
                    "$$hashKey": "object:666",
                    "text": "Value #B",
                    "value": "Value #B"
                },
                {
                    "$$hashKey": "object:667",
                    "text": "Value #C",
                    "value": "Value #C"
                },
                {
                    "$$hashKey": "object:668",
                    "text": "Value #D",
                    "value": "Value #D"
                },
                {
                    "$$hashKey": "object:669",
                    "text": "Value #E",
                    "value": "Value #E"
                },
                {
                    "$$hashKey": "object:670",
                    "text": "Value #F",
                    "value": "Value #F"
                },
                {
                    "$$hashKey": "object:671",
                    "text": "Value #G",
                    "value": "Value #G"
                },
                {
                    "$$hashKey": "object:672",
                    "text": "Value #H",
                    "value": "Value #H"
                },
                {
                    "$$hashKey": "object:673",
                    "text": "namespace",
                    "value": "namespace"
                }
            ],
            "datasource":
            {
                "type": "prometheus"
            },
            "fill": 1,
            "fontSize": "90%",
            "gridPos":
            {
                "h": 9,
                "w": 24,
                "x": 0,
                "y": 10
            },
            "id": 5,
            "lines": true,
            "linewidth": 1,
            "links":
            [],
            "minSpan": 24,
            "nullPointMode": "null as zero",
            "renderer": "flot",
            "scroll": true,
            "showHeader": true,
            "sort":
            {
                "col": 0,
                "desc": false
            },
            "spaceLength": 10,
            "span": 24,
            "styles":
            [
                {
                    "alias": "Time",
                    "align": "auto",
                    "colors":
                    [],
                    "dateFormat": "YYYY-MM-DD HH:mm:ss",
                    "decimals": 2,
                    "link": false,
                    "linkTooltip": "Drill down",
                    "linkUrl": "",
                    "pattern": "Time",
                    "thresholds":
                    [],
                    "type": "hidden",
                    "unit": "short"
                },
                {
                    "alias": "Current Bandwidth Received",
                    "align": "auto",
                    "colors":
                    [],
                    "dateFormat": "YYYY-MM-DD HH:mm:ss",
                    "decimals": 2,
                    "link": false,
                    "linkTooltip": "Drill down",
                    "linkUrl": "",
                    "pattern": "Value #A",
                    "thresholds":
                    [],
                    "type": "number",
                    "unit": "Bps"
                },
                {
                    "alias": "Current Bandwidth Transmitted",
                    "align": "auto",
                    "colors":
                    [],
                    "dateFormat": "YYYY-MM-DD HH:mm:ss",
                    "decimals": 2,
                    "link": false,
                    "linkTooltip": "Drill down",
                    "linkUrl": "",
                    "pattern": "Value #B",
                    "thresholds":
                    [],
                    "type": "number",
                    "unit": "Bps"
                },
                {
                    "alias": "Average Bandwidth Received",
                    "align": "auto",
                    "colors":
                    [],
                    "dateFormat": "YYYY-MM-DD HH:mm:ss",
                    "decimals": 2,
                    "link": false,
                    "linkTooltip": "Drill down",
                    "linkUrl": "",
                    "pattern": "Value #C",
                    "thresholds":
                    [],
                    "type": "number",
                    "unit": "Bps"
                },
                {
                    "alias": "Average Bandwidth Transmitted",
                    "align": "auto",
                    "colors":
                    [],
                    "dateFormat": "YYYY-MM-DD HH:mm:ss",
                    "decimals": 2,
                    "link": false,
                    "linkTooltip": "Drill down",
                    "linkUrl": "",
                    "pattern": "Value #D",
                    "thresholds":
                    [],
                    "type": "number",
                    "unit": "Bps"
                },
                {
                    "alias": "Rate of Received Packets",
                    "align": "auto",
                    "colors":
                    [],
                    "dateFormat": "YYYY-MM-DD HH:mm:ss",
                    "decimals": 2,
                    "link": false,
                    "linkTooltip": "Drill down",
                    "linkUrl": "",
                    "pattern": "Value #E",
                    "thresholds":
                    [],
                    "type": "number",
                    "unit": "pps"
                },
                {
                    "alias": "Rate of Transmitted Packets",
                    "align": "auto",
                    "colors":
                    [],
                    "dateFormat": "YYYY-MM-DD HH:mm:ss",
                    "decimals": 2,
                    "link": false,
                    "linkTooltip": "Drill down",
                    "linkUrl": "",
                    "pattern": "Value #F",
                    "thresholds":
                    [],
                    "type": "number",
                    "unit": "pps"
                },
                {
                    "alias": "Rate of Received Packets Dropped",
                    "align": "auto",
                    "colors":
                    [],
                    "dateFormat": "YYYY-MM-DD HH:mm:ss",
                    "decimals": 2,
                    "link": false,
                    "linkTooltip": "Drill down",
                    "linkUrl": "",
                    "pattern": "Value #G",
                    "thresholds":
                    [],
                    "type": "number",
                    "unit": "pps"
                },
                {
                    "alias": "Rate of Transmitted Packets Dropped",
                    "align": "auto",
                    "colors":
                    [],
                    "dateFormat": "YYYY-MM-DD HH:mm:ss",
                    "decimals": 2,
                    "link": false,
                    "linkTooltip": "Drill down",
                    "linkUrl": "",
                    "pattern": "Value #H",
                    "thresholds":
                    [],
                    "type": "number",
                    "unit": "pps"
                },
                {
                    "alias": "Namespace",
                    "align": "auto",
                    "colors":
                    [],
                    "dateFormat": "YYYY-MM-DD HH:mm:ss",
                    "decimals": 2,
                    "link": true,
                    "linkTooltip": "Drill down",
                    "linkUrl": "d/8b7a8b326d7a6f1f04244066368c67af/kubernetes-networking-namespace-pods?orgId=1&refresh=30s&var-namespace=$__cell",
                    "pattern": "namespace",
                    "thresholds":
                    [],
                    "type": "number",
                    "unit": "short"
                }
            ],
            "targets":
            [
                {
                    "datasource":
                    {
                        "type": "prometheus"
                    },
                    "exemplar": false,
                    "expr": "sort_desc(sum(irate(container_network_receive_bytes_total{kubernetes_cluster_name=~\"$cluster\",namespace=~\".+\"}[$interval:$resolution])) by (namespace))",
                    "format": "table",
                    "instant": true,
                    "interval": "",
                    "intervalFactor": 2,
                    "legendFormat": "",
                    "refId": "A",
                    "step": 10
                },
                {
                    "datasource":
                    {
                        "type": "prometheus"
                    },
                    "exemplar": false,
                    "expr": "sort_desc(sum(irate(container_network_transmit_bytes_total{kubernetes_cluster_name=~\"$cluster\",namespace=~\".+\"}[$interval:$resolution])) by (namespace))",
                    "format": "table",
                    "instant": true,
                    "interval": "",
                    "intervalFactor": 2,
                    "legendFormat": "",
                    "refId": "B",
                    "step": 10
                },
                {
                    "datasource":
                    {
                        "type": "prometheus"
                    },
                    "exemplar": false,
                    "expr": "sort_desc(avg(irate(container_network_receive_bytes_total{kubernetes_cluster_name=~\"$cluster\",namespace=~\".+\"}[$interval:$resolution])) by (namespace))",
                    "format": "table",
                    "instant": true,
                    "interval": "",
                    "intervalFactor": 2,
                    "legendFormat": "",
                    "refId": "C",
                    "step": 10
                },
                {
                    "datasource":
                    {
                        "type": "prometheus"
                    },
                    "exemplar": false,
                    "expr": "sort_desc(avg(irate(container_network_transmit_bytes_total{kubernetes_cluster_name=~\"$cluster\",namespace=~\".+\"}[$interval:$resolution])) by (namespace))",
                    "format": "table",
                    "instant": true,
                    "interval": "",
                    "intervalFactor": 2,
                    "legendFormat": "",
                    "refId": "D",
                    "step": 10
                },
                {
                    "datasource":
                    {
                        "type": "prometheus"
                    },
                    "exemplar": false,
                    "expr": "sort_desc(sum(irate(container_network_receive_packets_total{kubernetes_cluster_name=~\"$cluster\",namespace=~\".+\"}[$interval:$resolution])) by (namespace))",
                    "format": "table",
                    "instant": true,
                    "interval": "",
                    "intervalFactor": 2,
                    "legendFormat": "",
                    "refId": "E",
                    "step": 10
                },
                {
                    "datasource":
                    {
                        "type": "prometheus"
                    },
                    "exemplar": false,
                    "expr": "sort_desc(sum(irate(container_network_transmit_packets_total{kubernetes_cluster_name=~\"$cluster\",namespace=~\".+\"}[$interval:$resolution])) by (namespace))",
                    "format": "table",
                    "instant": true,
                    "interval": "",
                    "intervalFactor": 2,
                    "legendFormat": "",
                    "refId": "F",
                    "step": 10
                },
                {
                    "datasource":
                    {
                        "type": "prometheus"
                    },
                    "exemplar": false,
                    "expr": "sort_desc(sum(irate(container_network_receive_packets_dropped_total{kubernetes_cluster_name=~\"$cluster\",namespace=~\".+\"}[$interval:$resolution])) by (namespace))",
                    "format": "table",
                    "instant": true,
                    "interval": "",
                    "intervalFactor": 2,
                    "legendFormat": "",
                    "refId": "G",
                    "step": 10
                },
                {
                    "datasource":
                    {
                        "type": "prometheus"
                    },
                    "exemplar": false,
                    "expr": "sort_desc(sum(irate(container_network_transmit_packets_dropped_total{kubernetes_cluster_name=~\"$cluster\",namespace=~\".+\"}[$interval:$resolution])) by (namespace))",
                    "format": "table",
                    "instant": true,
                    "interval": "",
                    "intervalFactor": 2,
                    "legendFormat": "",
                    "refId": "H",
                    "step": 10
                }
            ],
            "title": "Current Status",
            "transform": "table",
            "type": "table-old"
        },
        {
            "collapse": true,
            "collapsed": false,
            "datasource":
            {
                "type": "prometheus"
            },
            "gridPos":
            {
                "h": 1,
                "w": 24,
                "x": 0,
                "y": 19
            },
            "id": 6,
            "panels":
            [],
            "showTitle": true,
            "title": "Average Bandwidth",
            "titleSize": "h6",
            "type": "row"
        },
        {
            "aliasColors":
            {},
            "bars": true,
            "dashLength": 10,
            "dashes": false,
            "datasource":
            {
                "type": "prometheus"
            },
            "fill": 2,
            "fillGradient": 0,
            "gridPos":
            {
                "h": 9,
                "w": 12,
                "x": 0,
                "y": 20
            },
            "hiddenSeries": false,
            "id": 7,
            "legend":
            {
                "alignAsTable": true,
                "avg": false,
                "current": true,
                "hideEmpty": true,
                "hideZero": true,
                "max": false,
                "min": false,
                "rightSide": true,
                "show": true,
                "sort": "current",
                "sortDesc": true,
                "total": false,
                "values": true
            },
            "lines": false,
            "linewidth": 1,
            "links":
            [],
            "minSpan": 24,
            "nullPointMode": "null",
            "options":
            {
                "alertThreshold": true
            },
            "paceLength": 10,
            "percentage": false,
            "pluginVersion": "8.5.4",
            "pointradius": 5,
            "points": false,
            "renderer": "flot",
            "seriesOverrides":
            [],
            "spaceLength": 10,
            "span": 24,
            "stack": false,
            "steppedLine": false,
            "targets":
            [
                {
                    "datasource":
                    {
                        "type": "prometheus"
                    },
                    "exemplar": true,
                    "expr": "sort_desc(avg(irate(container_network_receive_bytes_total{kubernetes_cluster_name=~\"$cluster\",namespace=~\".+\"}[$interval:$resolution])) by (namespace))",
                    "format": "time_series",
                    "interval": "",
                    "intervalFactor": 1,
                    "legendFormat": "{{namespace}}",
                    "refId": "A",
                    "step": 10
                }
            ],
            "thresholds":
            [],
            "timeRegions":
            [],
            "title": "Average Rate of Bytes Received",
            "tooltip":
            {
                "shared": true,
                "sort": 2,
                "value_type": "individual"
            },
            "type": "graph",
            "xaxis":
            {
                "mode": "series",
                "show": false,
                "values":
                [
                    "current"
                ]
            },
            "yaxes":
            [
                {
                    "format": "Bps",
                    "logBase": 1,
                    "min": 0,
                    "show": true
                },
                {
                    "format": "Bps",
                    "logBase": 1,
                    "min": 0,
                    "show": true
                }
            ],
            "yaxis":
            {
                "align": false
            }
        },
        {
            "aliasColors":
            {},
            "bars": true,
            "dashLength": 10,
            "dashes": false,
            "datasource":
            {
                "type": "prometheus"
            },
            "fill": 2,
            "fillGradient": 0,
            "gridPos":
            {
                "h": 9,
                "w": 12,
                "x": 12,
                "y": 20
            },
            "hiddenSeries": false,
            "id": 8,
            "legend":
            {
                "alignAsTable": true,
                "avg": false,
                "current": true,
                "hideEmpty": true,
                "hideZero": true,
                "max": false,
                "min": false,
                "rightSide": true,
                "show": true,
                "sort": "current",
                "sortDesc": true,
                "total": false,
                "values": true
            },
            "lines": false,
            "linewidth": 1,
            "links":
            [],
            "minSpan": 24,
            "nullPointMode": "null",
            "options":
            {
                "alertThreshold": true
            },
            "paceLength": 10,
            "percentage": false,
            "pluginVersion": "8.5.4",
            "pointradius": 5,
            "points": false,
            "renderer": "flot",
            "seriesOverrides":
            [],
            "spaceLength": 10,
            "span": 24,
            "stack": false,
            "steppedLine": false,
            "targets":
            [
                {
                    "datasource":
                    {
                        "type": "prometheus"
                    },
                    "exemplar": true,
                    "expr": "sort_desc(avg(irate(container_network_transmit_bytes_total{kubernetes_cluster_name=~\"$cluster\",namespace=~\".+\"}[$interval:$resolution])) by (namespace))",
                    "format": "time_series",
                    "interval": "",
                    "intervalFactor": 1,
                    "legendFormat": "{{namespace}}",
                    "refId": "A",
                    "step": 10
                }
            ],
            "thresholds":
            [],
            "timeRegions":
            [],
            "title": "Average Rate of Bytes Transmitted",
            "tooltip":
            {
                "shared": true,
                "sort": 2,
                "value_type": "individual"
            },
            "type": "graph",
            "xaxis":
            {
                "mode": "series",
                "show": false,
                "values":
                [
                    "current"
                ]
            },
            "yaxes":
            [
                {
                    "format": "Bps",
                    "logBase": 1,
                    "min": 0,
                    "show": true
                },
                {
                    "format": "Bps",
                    "logBase": 1,
                    "min": 0,
                    "show": true
                }
            ],
            "yaxis":
            {
                "align": false
            }
        },
        {
            "collapse": false,
            "collapsed": false,
            "datasource":
            {
                "type": "prometheus"
            },
            "gridPos":
            {
                "h": 1,
                "w": 24,
                "x": 0,
                "y": 29
            },
            "id": 9,
            "panels":
            [],
            "showTitle": true,
            "title": "Bandwidth History",
            "titleSize": "h6",
            "type": "row"
        },
        {
            "aliasColors":
            {},
            "bars": false,
            "dashLength": 10,
            "dashes": false,
            "datasource":
            {
                "type": "prometheus"
            },
            "fill": 2,
            "fillGradient": 0,
            "gridPos":
            {
                "h": 9,
                "w": 24,
                "x": 0,
                "y": 30
            },
            "hiddenSeries": false,
            "id": 10,
            "legend":
            {
                "alignAsTable": true,
                "avg": true,
                "current": true,
                "hideEmpty": true,
                "hideZero": true,
                "max": true,
                "min": true,
                "rightSide": true,
                "show": true,
                "total": false,
                "values": true
            },
            "lines": true,
            "linewidth": 2,
            "links":
            [],
            "minSpan": 24,
            "nullPointMode": "connected",
            "options":
            {
                "alertThreshold": true
            },
            "paceLength": 10,
            "percentage": false,
            "pluginVersion": "8.5.4",
            "pointradius": 5,
            "points": false,
            "renderer": "flot",
            "seriesOverrides":
            [],
            "spaceLength": 10,
            "span": 24,
            "stack": true,
            "steppedLine": false,
            "targets":
            [
                {
                    "datasource":
                    {
                        "type": "prometheus"
                    },
                    "exemplar": true,
                    "expr": "sort_desc(sum(irate(container_network_receive_bytes_total{kubernetes_cluster_name=~\"$cluster\",namespace=~\".+\"}[$interval:$resolution])) by (namespace))",
                    "format": "time_series",
                    "interval": "",
                    "intervalFactor": 1,
                    "legendFormat": "{{namespace}}",
                    "refId": "A",
                    "step": 10
                }
            ],
            "thresholds":
            [],
            "timeRegions":
            [],
            "title": "Receive Bandwidth",
            "tooltip":
            {
                "shared": true,
                "sort": 2,
                "value_type": "individual"
            },
            "type": "graph",
            "xaxis":
            {
                "mode": "time",
                "show": true,
                "values":
                []
            },
            "yaxes":
            [
                {
                    "format": "Bps",
                    "logBase": 1,
                    "min": 0,
                    "show": true
                },
                {
                    "format": "Bps",
                    "logBase": 1,
                    "min": 0,
                    "show": true
                }
            ],
            "yaxis":
            {
                "align": false
            }
        },
        {
            "aliasColors":
            {},
            "bars": false,
            "dashLength": 10,
            "dashes": false,
            "datasource":
            {
                "type": "prometheus"
            },
            "fill": 2,
            "fillGradient": 0,
            "gridPos":
            {
                "h": 9,
                "w": 24,
                "x": 0,
                "y": 39
            },
            "hiddenSeries": false,
            "id": 11,
            "legend":
            {
                "alignAsTable": true,
                "avg": true,
                "current": true,
                "hideEmpty": true,
                "hideZero": true,
                "max": true,
                "min": true,
                "rightSide": true,
                "show": true,
                "total": false,
                "values": true
            },
            "lines": true,
            "linewidth": 2,
            "links":
            [],
            "minSpan": 24,
            "nullPointMode": "connected",
            "options":
            {
                "alertThreshold": true
            },
            "paceLength": 10,
            "percentage": false,
            "pluginVersion": "8.5.4",
            "pointradius": 5,
            "points": false,
            "renderer": "flot",
            "seriesOverrides":
            [],
            "spaceLength": 10,
            "span": 24,
            "stack": true,
            "steppedLine": false,
            "targets":
            [
                {
                    "datasource":
                    {
                        "type": "prometheus"
                    },
                    "exemplar": true,
                    "expr": "sort_desc(sum(irate(container_network_transmit_bytes_total{kubernetes_cluster_name=~\"$cluster\",namespace=~\".+\"}[$interval:$resolution])) by (namespace))",
                    "format": "time_series",
                    "interval": "",
                    "intervalFactor": 1,
                    "legendFormat": "{{namespace}}",
                    "refId": "A",
                    "step": 10
                }
            ],
            "thresholds":
            [],
            "timeRegions":
            [],
            "title": "Transmit Bandwidth",
            "tooltip":
            {
                "shared": true,
                "sort": 2,
                "value_type": "individual"
            },
            "type": "graph",
            "xaxis":
            {
                "mode": "time",
                "show": true,
                "values":
                []
            },
            "yaxes":
            [
                {
                    "format": "Bps",
                    "logBase": 1,
                    "min": 0,
                    "show": true
                },
                {
                    "format": "Bps",
                    "logBase": 1,
                    "min": 0,
                    "show": true
                }
            ],
            "yaxis":
            {
                "align": false
            }
        },
        {
            "collapse": true,
            "collapsed": false,
            "datasource":
            {
                "type": "prometheus"
            },
            "gridPos":
            {
                "h": 1,
                "w": 24,
                "x": 0,
                "y": 48
            },
            "id": 12,
            "panels":
            [],
            "showTitle": true,
            "title": "Packets",
            "titleSize": "h6",
            "type": "row"
        },
        {
            "aliasColors":
            {},
            "bars": false,
            "dashLength": 10,
            "dashes": false,
            "datasource":
            {
                "type": "prometheus"
            },
            "fill": 2,
            "fillGradient": 0,
            "gridPos":
            {
                "h": 9,
                "w": 24,
                "x": 0,
                "y": 49
            },
            "hiddenSeries": false,
            "id": 13,
            "legend":
            {
                "alignAsTable": true,
                "avg": true,
                "current": true,
                "hideEmpty": true,
                "hideZero": true,
                "max": true,
                "min": true,
                "rightSide": true,
                "show": true,
                "total": false,
                "values": true
            },
            "lines": true,
            "linewidth": 2,
            "links":
            [],
            "minSpan": 24,
            "nullPointMode": "connected",
            "options":
            {
                "alertThreshold": true
            },
            "paceLength": 10,
            "percentage": false,
            "pluginVersion": "8.5.4",
            "pointradius": 5,
            "points": false,
            "renderer": "flot",
            "seriesOverrides":
            [],
            "spaceLength": 10,
            "span": 24,
            "stack": true,
            "steppedLine": false,
            "targets":
            [
                {
                    "datasource":
                    {
                        "type": "prometheus"
                    },
                    "exemplar": true,
                    "expr": "sort_desc(sum(irate(container_network_receive_packets_total{kubernetes_cluster_name=~\"$cluster\",namespace=~\".+\"}[$interval:$resolution])) by (namespace))",
                    "format": "time_series",
                    "interval": "",
                    "intervalFactor": 1,
                    "legendFormat": "{{namespace}}",
                    "refId": "A",
                    "step": 10
                }
            ],
            "thresholds":
            [],
            "timeRegions":
            [],
            "title": "Rate of Received Packets",
            "tooltip":
            {
                "shared": true,
                "sort": 2,
                "value_type": "individual"
            },
            "type": "graph",
            "xaxis":
            {
                "mode": "time",
                "show": true,
                "values":
                []
            },
            "yaxes":
            [
                {
                    "format": "pps",
                    "logBase": 1,
                    "min": 0,
                    "show": true
                },
                {
                    "format": "pps",
                    "logBase": 1,
                    "min": 0,
                    "show": true
                }
            ],
            "yaxis":
            {
                "align": false
            }
        },
        {
            "aliasColors":
            {},
            "bars": false,
            "dashLength": 10,
            "dashes": false,
            "datasource":
            {
                "type": "prometheus"
            },
            "fill": 2,
            "fillGradient": 0,
            "gridPos":
            {
                "h": 9,
                "w": 24,
                "x": 0,
                "y": 58
            },
            "hiddenSeries": false,
            "id": 14,
            "legend":
            {
                "alignAsTable": true,
                "avg": true,
                "current": true,
                "hideEmpty": true,
                "hideZero": true,
                "max": true,
                "min": true,
                "rightSide": true,
                "show": true,
                "total": false,
                "values": true
            },
            "lines": true,
            "linewidth": 2,
            "links":
            [],
            "minSpan": 24,
            "nullPointMode": "connected",
            "options":
            {
                "alertThreshold": true
            },
            "paceLength": 10,
            "percentage": false,
            "pluginVersion": "8.5.4",
            "pointradius": 5,
            "points": false,
            "renderer": "flot",
            "seriesOverrides":
            [],
            "spaceLength": 10,
            "span": 24,
            "stack": true,
            "steppedLine": false,
            "targets":
            [
                {
                    "datasource":
                    {
                        "type": "prometheus"
                    },
                    "exemplar": true,
                    "expr": "sort_desc(sum(irate(container_network_transmit_packets_total{kubernetes_cluster_name=~\"$cluster\",namespace=~\".+\"}[$interval:$resolution])) by (namespace))",
                    "format": "time_series",
                    "interval": "",
                    "intervalFactor": 1,
                    "legendFormat": "{{namespace}}",
                    "refId": "A",
                    "step": 10
                }
            ],
            "thresholds":
            [],
            "timeRegions":
            [],
            "title": "Rate of Transmitted Packets",
            "tooltip":
            {
                "shared": true,
                "sort": 2,
                "value_type": "individual"
            },
            "type": "graph",
            "xaxis":
            {
                "mode": "time",
                "show": true,
                "values":
                []
            },
            "yaxes":
            [
                {
                    "format": "pps",
                    "logBase": 1,
                    "min": 0,
                    "show": true
                },
                {
                    "format": "pps",
                    "logBase": 1,
                    "min": 0,
                    "show": true
                }
            ],
            "yaxis":
            {
                "align": false
            }
        },
        {
            "aliasColors":
            {},
            "bars": false,
            "dashLength": 10,
            "dashes": false,
            "datasource":
            {
                "type": "prometheus"
            },
            "fill": 2,
            "fillGradient": 0,
            "gridPos":
            {
                "h": 9,
                "w": 24,
                "x": 0,
                "y": 67
            },
            "hiddenSeries": false,
            "id": 16,
            "legend":
            {
                "alignAsTable": true,
                "avg": true,
                "current": true,
                "hideEmpty": true,
                "hideZero": true,
                "max": true,
                "min": true,
                "rightSide": true,
                "show": true,
                "total": false,
                "values": true
            },
            "lines": true,
            "linewidth": 2,
            "links":
            [],
            "minSpan": 24,
            "nullPointMode": "connected",
            "options":
            {
                "alertThreshold": true
            },
            "paceLength": 10,
            "percentage": false,
            "pluginVersion": "8.4.4",
            "pointradius": 5,
            "points": false,
            "renderer": "flot",
            "seriesOverrides":
            [],
            "spaceLength": 10,
            "span": 24,
            "stack": true,
            "steppedLine": false,
            "targets":
            [
                {
                    "datasource":
                    {
                        "type": "prometheus"
                    },
                    "exemplar": true,
                    "expr": "sort_desc(sum(irate(container_network_receive_packets_dropped_total{kubernetes_cluster_name=~\"$cluster\",namespace=~\".+\"}[$interval:$resolution])) by (namespace))",
                    "format": "time_series",
                    "interval": "",
                    "intervalFactor": 1,
                    "legendFormat": "{{namespace}}",
                    "refId": "A",
                    "step": 10
                }
            ],
            "thresholds":
            [],
            "timeRegions":
            [],
            "title": "Rate of Received Packets Dropped",
            "tooltip":
            {
                "shared": true,
                "sort": 2,
                "value_type": "individual"
            },
            "type": "graph",
            "xaxis":
            {
                "mode": "time",
                "show": true,
                "values":
                []
            },
            "yaxes":
            [
                {
                    "format": "pps",
                    "logBase": 1,
                    "min": 0,
                    "show": true
                },
                {
                    "format": "pps",
                    "logBase": 1,
                    "min": 0,
                    "show": true
                }
            ],
            "yaxis":
            {
                "align": false
            }
        },
        {
            "collapse": true,
            "collapsed": false,
            "datasource":
            {
                "type": "prometheus"
            },
            "gridPos":
            {
                "h": 1,
                "w": 24,
                "x": 0,
                "y": 76
            },
            "id": 15,
            "panels":
            [],
            "showTitle": true,
            "title": "Errors",
            "titleSize": "h6",
            "type": "row"
        },
        {
            "aliasColors":
            {},
            "bars": false,
            "dashLength": 10,
            "dashes": false,
            "datasource":
            {
                "type": "prometheus"
            },
            "fill": 2,
            "fillGradient": 0,
            "gridPos":
            {
                "h": 9,
                "w": 24,
                "x": 0,
                "y": 77
            },
            "hiddenSeries": false,
            "id": 17,
            "legend":
            {
                "alignAsTable": true,
                "avg": true,
                "current": true,
                "hideEmpty": true,
                "hideZero": true,
                "max": true,
                "min": true,
                "rightSide": true,
                "show": true,
                "total": false,
                "values": true
            },
            "lines": true,
            "linewidth": 2,
            "links":
            [],
            "minSpan": 24,
            "nullPointMode": "connected",
            "options":
            {
                "alertThreshold": true
            },
            "paceLength": 10,
            "percentage": false,
            "pluginVersion": "8.4.4",
            "pointradius": 5,
            "points": false,
            "renderer": "flot",
            "seriesOverrides":
            [],
            "spaceLength": 10,
            "span": 24,
            "stack": true,
            "steppedLine": false,
            "targets":
            [
                {
                    "datasource":
                    {
                        "type": "prometheus"
                    },
                    "exemplar": true,
                    "expr": "sort_desc(sum(irate(container_network_transmit_packets_dropped_total{kubernetes_cluster_name=~\"$cluster\",namespace=~\".+\"}[$interval:$resolution])) by (namespace))",
                    "format": "time_series",
                    "interval": "",
                    "intervalFactor": 1,
                    "legendFormat": "{{namespace}}",
                    "refId": "A",
                    "step": 10
                }
            ],
            "thresholds":
            [],
            "timeRegions":
            [],
            "title": "Rate of Transmitted Packets Dropped",
            "tooltip":
            {
                "shared": true,
                "sort": 2,
                "value_type": "individual"
            },
            "type": "graph",
            "xaxis":
            {
                "mode": "time",
                "show": true,
                "values":
                []
            },
            "yaxes":
            [
                {
                    "format": "pps",
                    "logBase": 1,
                    "min": 0,
                    "show": true
                },
                {
                    "format": "pps",
                    "logBase": 1,
                    "min": 0,
                    "show": true
                }
            ],
            "yaxis":
            {
                "align": false
            }
        },
        {
            "aliasColors":
            {},
            "bars": false,
            "dashLength": 10,
            "dashes": false,
            "datasource":
            {
                "type": "prometheus"
            },
            "fill": 2,
            "fillGradient": 0,
            "gridPos":
            {
                "h": 9,
                "w": 24,
                "x": 0,
                "y": 86
            },
            "hiddenSeries": false,
            "id": 18,
            "legend":
            {
                "alignAsTable": true,
                "avg": true,
                "current": true,
                "hideEmpty": true,
                "hideZero": true,
                "max": true,
                "min": true,
                "rightSide": true,
                "show": true,
                "total": false,
                "values": true
            },
            "lines": true,
            "linewidth": 2,
            "links":
            [
                {
                    "targetBlank": true,
                    "title": "What is TCP Retransmit?",
                    "url": "https://accedian.com/enterprises/blog/network-packet-loss-retransmissions-and-duplicate-acknowledgements/"
                }
            ],
            "minSpan": 24,
            "nullPointMode": "connected",
            "options":
            {
                "alertThreshold": true
            },
            "paceLength": 10,
            "percentage": false,
            "pluginVersion": "8.4.4",
            "pointradius": 5,
            "points": false,
            "renderer": "flot",
            "seriesOverrides":
            [],
            "spaceLength": 10,
            "span": 24,
            "stack": true,
            "steppedLine": false,
            "targets":
            [
                {
                    "datasource":
                    {
                        "type": "prometheus"
                    },
                    "exemplar": true,
                    "expr": "sort_desc(sum(rate(node_netstat_Tcp_RetransSegs{kubernetes_cluster_name=~\"$cluster\"}[$interval:$resolution]) / rate(node_netstat_Tcp_OutSegs{kubernetes_cluster_name=~\"$cluster\"}[$interval:$resolution])) by (instance))",
                    "format": "time_series",
                    "interval": "",
                    "intervalFactor": 1,
                    "legendFormat": "{{instance}}",
                    "refId": "A",
                    "step": 10
                }
            ],
            "thresholds":
            [],
            "timeRegions":
            [],
            "title": "Rate of TCP Retransmits out of all sent segments",
            "tooltip":
            {
                "shared": true,
                "sort": 2,
                "value_type": "individual"
            },
            "type": "graph",
            "xaxis":
            {
                "mode": "time",
                "show": true,
                "values":
                []
            },
            "yaxes":
            [
                {
                    "format": "percentunit",
                    "logBase": 1,
                    "min": 0,
                    "show": true
                },
                {
                    "format": "percentunit",
                    "logBase": 1,
                    "min": 0,
                    "show": true
                }
            ],
            "yaxis":
            {
                "align": false
            }
        },
        {
            "aliasColors":
            {},
            "bars": false,
            "dashLength": 10,
            "dashes": false,
            "datasource":
            {
                "type": "prometheus"
            },
            "fill": 2,
            "fillGradient": 0,
            "gridPos":
            {
                "h": 9,
                "w": 24,
                "x": 0,
                "y": 95
            },
            "hiddenSeries": false,
            "id": 19,
            "legend":
            {
                "alignAsTable": true,
                "avg": true,
                "current": true,
                "hideEmpty": true,
                "hideZero": true,
                "max": true,
                "min": true,
                "rightSide": true,
                "show": true,
                "total": false,
                "values": true
            },
            "lines": true,
            "linewidth": 2,
            "links":
            [
                {
                    "targetBlank": true,
                    "title": "Why monitor SYN retransmits?",
                    "url": "https://github.com/prometheus/node_exporter/issues/1023#issuecomment-408128365"
                }
            ],
            "minSpan": 24,
            "nullPointMode": "connected",
            "options":
            {
                "alertThreshold": true
            },
            "paceLength": 10,
            "percentage": false,
            "pluginVersion": "8.4.4",
            "pointradius": 5,
            "points": false,
            "renderer": "flot",
            "seriesOverrides":
            [],
            "spaceLength": 10,
            "span": 24,
            "stack": true,
            "steppedLine": false,
            "targets":
            [
                {
                    "datasource":
                    {
                        "type": "prometheus"
                    },
                    "exemplar": true,
                    "expr": "sort_desc(sum(rate(node_netstat_TcpExt_TCPSynRetrans{kubernetes_cluster_name=~\"$cluster\"}[$interval:$resolution]) / rate(node_netstat_Tcp_RetransSegs{kubernetes_cluster_name=~\"$cluster\"}[$interval:$resolution])) by (instance))",
                    "format": "time_series",
                    "interval": "",
                    "intervalFactor": 1,
                    "legendFormat": "{{instance}}",
                    "refId": "A",
                    "step": 10
                }
            ],
            "thresholds":
            [],
            "timeRegions":
            [],
            "title": "Rate of TCP SYN Retransmits out of all retransmits",
            "tooltip":
            {
                "shared": true,
                "sort": 2,
                "value_type": "individual"
            },
            "type": "graph",
            "xaxis":
            {
                "mode": "time",
                "show": true,
                "values":
                []
            },
            "yaxes":
            [
                {
                    "format": "percentunit",
                    "logBase": 1,
                    "min": 0,
                    "show": true
                },
                {
                    "format": "percentunit",
                    "logBase": 1,
                    "min": 0,
                    "show": true
                }
            ],
            "yaxis":
            {
                "align": false
            }
        }
    ],
    "refresh": "10s",
    "schemaVersion": 36,
    "style": "dark",
    "tags":
    [
        "kubernetes-mixin"
    ],
    "templating":
    {
        "list":
        [
            {
                "current":
                {
                    "selected": false,
                    "text": "prometheus",
                    "value": "prometheus"
                },
                "hide": 0,
                "includeAll": false,
                "label": "Data Source",
                "multi": false,
                "name": "datasource",
                "options":
                [],
                "query": "prometheus",
                "queryValue": "",
                "refresh": 1,
                "regex": "",
                "skipUrlSync": false,
                "type": "datasource"
            },
            {
                "current":
                {
                    "selected": false,
                    "text": "stg-mng-clw7wwzs",
                    "value": "stg-mng-clw7wwzs"
                },
                "datasource":
                {
                    "type": "prometheus",
                    "uid": "$datasource"
                },
                "definition": "label_values(kubernetes_cluster_name)",
                "hide": 0,
                "includeAll": false,
                "label": "cluster",
                "multi": false,
                "name": "cluster",
                "options":
                [],
                "query":
                {
                    "query": "label_values(kubernetes_cluster_name)",
                    "refId": "StandardVariableQuery"
                },
                "refresh": 1,
                "regex": "",
                "skipUrlSync": false,
                "sort": 0,
                "tagValuesQuery": "",
                "tagsQuery": "",
                "type": "query",
                "useTags": false
            },
            {
                "auto": false,
                "auto_count": 30,
                "auto_min": "10s",
                "current":
                {
                    "selected": false,
                    "text": "5m",
                    "value": "5m"
                },
                "datasource": "$datasource",
                "hide": 0,
                "includeAll": false,
                "multi": false,
                "name": "resolution",
                "options":
                [
                    {
                        "selected": false,
                        "text": "30s",
                        "value": "30s"
                    },
                    {
                        "selected": true,
                        "text": "5m",
                        "value": "5m"
                    },
                    {
                        "selected": false,
                        "text": "1h",
                        "value": "1h"
                    }
                ],
                "query": "30s,5m,1h",
                "refresh": 2,
                "regex": "",
                "skipUrlSync": false,
                "sort": 1,
                "tagValuesQuery": "",
                "tagsQuery": "",
                "type": "interval",
                "useTags": false
            },
            {
                "auto": false,
                "auto_count": 30,
                "auto_min": "10s",
                "current":
                {
                    "selected": false,
                    "text": "4h",
                    "value": "4h"
                },
                "datasource": "$datasource",
                "hide": 2,
                "includeAll": false,
                "multi": false,
                "name": "interval",
                "options":
                [
                    {
                        "selected": true,
                        "text": "4h",
                        "value": "4h"
                    }
                ],
                "query": "4h",
                "refresh": 2,
                "regex": "",
                "skipUrlSync": false,
                "sort": 1,
                "tagValuesQuery": "",
                "tagsQuery": "",
                "type": "interval",
                "useTags": false
            }
        ]
    },
    "time":
    {
        "from": "now-1h",
        "to": "now"
    },
    "timepicker":
    {
        "refresh_intervals":
        [
            "5s",
            "10s",
            "30s",
            "1m",
            "5m",
            "15m",
            "30m",
            "1h",
            "2h",
            "1d"
        ],
        "time_options":
        [
            "5m",
            "15m",
            "1h",
            "6h",
            "12h",
            "24h",
            "2d",
            "7d",
            "30d"
        ]
    },
    "timezone": "utc",
    "title": "Kubernetes / Networking / Cluster",
    "uid": "10007",
    "version": 1,
    "weekStart": ""
}