{
    "annotations":
    {
        "list":
        [
            {
                "builtIn": 1,
                "datasource":
                {
                    "type": "datasource",
                    "uid": "grafana"
                },
                "enable": true,
                "hide": true,
                "iconColor": "rgba(0, 211, 255, 1)",
                "name": "Annotations & Alerts",
                "target":
                {
                    "limit": 100,
                    "matchAny": false,
                    "tags":
                    [],
                    "type": "dashboard"
                },
                "type": "dashboard"
            }
        ]
    },
    "description": "",
    "editable": true,
    "fiscalYearStartMonth": 0,
    "gnetId": 6781,
    "graphTooltip": 1,
    "id": 39,
    "iteration": 1666254504867,
    "links":
    [],
    "liveNow": false,
    "panels":
    [
        {
            "collapsed": false,
            "datasource":
            {
                "type": "prometheus"
            },
            "gridPos":
            {
                "h": 1,
                "w": 24,
                "x": 0,
                "y": 0
            },
            "id": 34,
            "panels":
            [],
            "title": "POD Dashboard",
            "type": "row"
        },
        {
            "datasource":
            {
                "type": "prometheus"
            },
            "fieldConfig":
            {
                "defaults":
                {
                    "color":
                    {
                        "mode": "thresholds"
                    },
                    "mappings":
                    [
                        {
                            "options":
                            {
                                "match": "null",
                                "result":
                                {
                                    "text": "N/A"
                                }
                            },
                            "type": "special"
                        }
                    ],
                    "thresholds":
                    {
                        "mode": "absolute",
                        "steps":
                        [
                            {
                                "color": "green",
                                "value": null
                            },
                            {
                                "color": "red",
                                "value": 80
                            }
                        ]
                    },
                    "unit": "none"
                },
                "overrides":
                []
            },
            "gridPos":
            {
                "h": 5,
                "w": 8,
                "x": 0,
                "y": 1
            },
            "id": 9,
            "links":
            [],
            "maxDataPoints": 100,
            "options":
            {
                "colorMode": "none",
                "graphMode": "none",
                "justifyMode": "auto",
                "orientation": "horizontal",
                "reduceOptions":
                {
                    "calcs":
                    [
                        "lastNotNull"
                    ],
                    "fields": "",
                    "values": false
                },
                "textMode": "auto"
            },
            "pluginVersion": "8.5.4",
            "targets":
            [
                {
                    "datasource":
                    {
                        "type": "prometheus"
                    },
                    "exemplar": true,
                    "expr": "sum(kube_pod_info{namespace=~\"$namespace\"})",
                    "interval": "",
                    "legendFormat": "",
                    "refId": "A"
                }
            ],
            "title": "POD Count (Namespace)",
            "type": "stat"
        },
        {
            "aliasColors":
            {},
            "bars": false,
            "dashLength": 10,
            "dashes": false,
            "datasource":
            {
                "type": "prometheus"
            },
            "decimals": 0,
            "fill": 1,
            "fillGradient": 0,
            "gridPos":
            {
                "h": 5,
                "w": 16,
                "x": 8,
                "y": 1
            },
            "hiddenSeries": false,
            "id": 8,
            "legend":
            {
                "alignAsTable": true,
                "avg": false,
                "current": true,
                "hideEmpty": false,
                "hideZero": false,
                "max": false,
                "min": false,
                "rightSide": true,
                "show": true,
                "total": false,
                "values": true
            },
            "lines": true,
            "linewidth": 1,
            "links":
            [],
            "nullPointMode": "null",
            "options":
            {
                "alertThreshold": true
            },
            "paceLength": 10,
            "percentage": false,
            "pluginVersion": "8.5.4",
            "pointradius": 5,
            "points": false,
            "renderer": "flot",
            "seriesOverrides":
            [],
            "spaceLength": 10,
            "stack": false,
            "steppedLine": false,
            "targets":
            [
                {
                    "datasource":
                    {
                        "type": "prometheus"
                    },
                    "exemplar": true,
                    "expr": "sum(avg(kube_pod_status_phase{namespace=~\"$namespace\",pod=~\"$pod\"}) by(namespace, pod, phase)) by(phase)",
                    "format": "time_series",
                    "interval": "",
                    "intervalFactor": 2,
                    "legendFormat": "{{ phase }}",
                    "refId": "A",
                    "step": 2
                }
            ],
            "thresholds":
            [],
            "timeRegions":
            [],
            "title": "Pod Status",
            "tooltip":
            {
                "shared": true,
                "sort": 0,
                "value_type": "individual"
            },
            "type": "graph",
            "xaxis":
            {
                "mode": "time",
                "show": true,
                "values":
                []
            },
            "yaxes":
            [
                {
                    "format": "short",
                    "logBase": 1,
                    "show": true
                },
                {
                    "format": "short",
                    "logBase": 1,
                    "show": true
                }
            ],
            "yaxis":
            {
                "align": false
            }
        },
        {
            "aliasColors":
            {},
            "bars": false,
            "dashLength": 10,
            "dashes": false,
            "datasource":
            {
                "type": "prometheus"
            },
            "decimals": 0,
            "fill": 1,
            "fillGradient": 0,
            "gridPos":
            {
                "h": 5,
                "w": 24,
                "x": 0,
                "y": 6
            },
            "hiddenSeries": false,
            "id": 12,
            "legend":
            {
                "alignAsTable": true,
                "avg": false,
                "current": true,
                "hideEmpty": false,
                "hideZero": false,
                "max": false,
                "min": false,
                "rightSide": true,
                "show": true,
                "total": false,
                "values": true
            },
            "lines": true,
            "linewidth": 1,
            "links":
            [],
            "nullPointMode": "null",
            "options":
            {
                "alertThreshold": true
            },
            "paceLength": 10,
            "percentage": false,
            "pluginVersion": "8.5.4",
            "pointradius": 5,
            "points": false,
            "renderer": "flot",
            "seriesOverrides":
            [],
            "spaceLength": 10,
            "stack": false,
            "steppedLine": false,
            "targets":
            [
                {
                    "datasource":
                    {
                        "type": "prometheus"
                    },
                    "exemplar": true,
                    "expr": "kube_pod_container_status_restarts_total{namespace=~\"$namespace\", pod=~\"$pod\", container=~\"$container\"}",
                    "format": "time_series",
                    "hide": false,
                    "interval": "",
                    "intervalFactor": 2,
                    "legendFormat": "{{ container }}",
                    "refId": "A",
                    "step": 2
                }
            ],
            "thresholds":
            [],
            "timeRegions":
            [],
            "title": "Pod Restart",
            "tooltip":
            {
                "shared": false,
                "sort": 0,
                "value_type": "individual"
            },
            "type": "graph",
            "xaxis":
            {
                "mode": "time",
                "show": true,
                "values":
                []
            },
            "yaxes":
            [
                {
                    "format": "short",
                    "logBase": 1,
                    "min": "0",
                    "show": true
                },
                {
                    "format": "short",
                    "logBase": 1,
                    "show": true
                }
            ],
            "yaxis":
            {
                "align": false
            }
        },
        {
            "collapsed": false,
            "datasource":
            {
                "type": "prometheus"
            },
            "gridPos":
            {
                "h": 1,
                "w": 24,
                "x": 0,
                "y": 11
            },
            "id": 35,
            "panels":
            [],
            "title": "POD Resource",
            "type": "row"
        },
        {
            "datasource":
            {
                "type": "prometheus"
            },
            "fieldConfig":
            {
                "defaults":
                {
                    "color":
                    {
                        "fixedColor": "rgb(31, 120, 193)",
                        "mode": "fixed"
                    },
                    "decimals": 3,
                    "mappings":
                    [
                        {
                            "options":
                            {
                                "match": "null",
                                "result":
                                {
                                    "text": "N/A"
                                }
                            },
                            "type": "special"
                        }
                    ],
                    "thresholds":
                    {
                        "mode": "absolute",
                        "steps":
                        [
                            {
                                "color": "green",
                                "value": null
                            },
                            {
                                "color": "red",
                                "value": 80
                            }
                        ]
                    },
                    "unit": "none"
                },
                "overrides":
                []
            },
            "gridPos":
            {
                "h": 5,
                "w": 6,
                "x": 0,
                "y": 12
            },
            "id": 4,
            "links":
            [],
            "maxDataPoints": 100,
            "options":
            {
                "colorMode": "none",
                "graphMode": "area",
                "justifyMode": "auto",
                "orientation": "horizontal",
                "reduceOptions":
                {
                    "calcs":
                    [
                        "lastNotNull"
                    ],
                    "fields": "",
                    "values": false
                },
                "textMode": "auto"
            },
            "pluginVersion": "8.5.4",
            "targets":
            [
                {
                    "datasource":
                    {
                        "type": "prometheus"
                    },
                    "exemplar": true,
                    "expr": "sum(rate(container_cpu_usage_seconds_total{namespace=~\"$namespace\",pod=~\"$pod\",container=~\"$container\",container!=\"POD\",image!=\"\"}[2m]))",
                    "format": "time_series",
                    "interval": "",
                    "intervalFactor": 2,
                    "legendFormat": "",
                    "refId": "A",
                    "step": 20
                }
            ],
            "title": "CPU",
            "type": "stat"
        },
        {
            "aliasColors":
            {},
            "bars": false,
            "dashLength": 10,
            "dashes": false,
            "datasource":
            {
                "type": "prometheus"
            },
            "editable": true,
            "error": false,
            "fill": 1,
            "fillGradient": 0,
            "grid":
            {},
            "gridPos":
            {
                "h": 5,
                "w": 18,
                "x": 6,
                "y": 12
            },
            "hiddenSeries": false,
            "id": 2,
            "legend":
            {
                "alignAsTable": true,
                "avg": true,
                "current": true,
                "max": false,
                "min": false,
                "rightSide": true,
                "show": false,
                "total": false,
                "values": true
            },
            "lines": true,
            "linewidth": 2,
            "links":
            [],
            "nullPointMode": "connected",
            "options":
            {
                "alertThreshold": true
            },
            "paceLength": 10,
            "percentage": false,
            "pluginVersion": "8.5.4",
            "pointradius": 5,
            "points": false,
            "renderer": "flot",
            "seriesOverrides":
            [],
            "spaceLength": 10,
            "stack": false,
            "steppedLine": false,
            "targets":
            [
                {
                    "datasource":
                    {
                        "type": "prometheus"
                    },
                    "exemplar": true,
                    "expr": "sum by (container)(rate(container_cpu_usage_seconds_total{pod=~\"$pod\", container=~\"$container\", image!=\"\", container!=\"POD\", image!=\"\"}[2m]))",
                    "format": "time_series",
                    "instant": false,
                    "interval": "",
                    "intervalFactor": 2,
                    "legendFormat": "Current: {{ container}}",
                    "refId": "A",
                    "step": 2
                },
                {
                    "datasource":
                    {
                        "type": "prometheus"
                    },
                    "exemplar": true,
                    "expr": "kube_pod_container_resource_requests{resource=\"cpu\", pod=~\"$pod\", container=~\"$container\", container!=\"POD\"}",
                    "format": "time_series",
                    "interval": "",
                    "intervalFactor": 2,
                    "legendFormat": "Requested: {{ container }}",
                    "refId": "B",
                    "step": 2
                },
                {
                    "datasource":
                    {
                        "type": "prometheus"
                    },
                    "exemplar": true,
                    "expr": "kube_pod_container_resource_limits{resource=\"cpu\", pod=~\"$pod\", container=~\"$container\", container!=\"POD\"}",
                    "format": "time_series",
                    "interval": "",
                    "intervalFactor": 2,
                    "legendFormat": "Limit: {{ container }}",
                    "refId": "C",
                    "step": 2
                }
            ],
            "thresholds":
            [],
            "timeRegions":
            [],
            "title": "CPU Usage",
            "tooltip":
            {
                "msResolution": true,
                "shared": true,
                "sort": 0,
                "value_type": "cumulative"
            },
            "type": "graph",
            "xaxis":
            {
                "mode": "time",
                "show": true,
                "values":
                []
            },
            "yaxes":
            [
                {
                    "format": "short",
                    "logBase": 1,
                    "show": true
                },
                {
                    "format": "short",
                    "logBase": 1,
                    "show": true
                }
            ],
            "yaxis":
            {
                "align": false
            }
        },
        {
            "datasource":
            {
                "type": "prometheus"
            },
            "fieldConfig":
            {
                "defaults":
                {
                    "color":
                    {
                        "fixedColor": "rgb(31, 120, 193)",
                        "mode": "fixed"
                    },
                    "mappings":
                    [
                        {
                            "options":
                            {
                                "match": "null",
                                "result":
                                {
                                    "text": "N/A"
                                }
                            },
                            "type": "special"
                        }
                    ],
                    "thresholds":
                    {
                        "mode": "absolute",
                        "steps":
                        [
                            {
                                "color": "green",
                                "value": null
                            },
                            {
                                "color": "red",
                                "value": 80
                            }
                        ]
                    },
                    "unit": "bytes"
                },
                "overrides":
                []
            },
            "gridPos":
            {
                "h": 5,
                "w": 6,
                "x": 0,
                "y": 17
            },
            "id": 5,
            "links":
            [],
            "maxDataPoints": 100,
            "options":
            {
                "colorMode": "none",
                "graphMode": "area",
                "justifyMode": "auto",
                "orientation": "horizontal",
                "reduceOptions":
                {
                    "calcs":
                    [
                        "lastNotNull"
                    ],
                    "fields": "",
                    "values": false
                },
                "textMode": "auto"
            },
            "pluginVersion": "8.5.4",
            "targets":
            [
                {
                    "datasource":
                    {
                        "type": "prometheus"
                    },
                    "exemplar": true,
                    "expr": "sum(container_memory_working_set_bytes{namespace=~\"$namespace\", pod=~\"$pod\",container=~\"$container\", container!=\"POD\", container!=\"\",image!=\"\"})",
                    "format": "time_series",
                    "hide": false,
                    "interval": "",
                    "intervalFactor": 2,
                    "legendFormat": "",
                    "refId": "A",
                    "step": 20
                }
            ],
            "title": "Memory",
            "type": "stat"
        },
        {
            "aliasColors":
            {},
            "bars": false,
            "dashLength": 10,
            "dashes": false,
            "datasource":
            {
                "type": "prometheus"
            },
            "editable": false,
            "error": false,
            "fill": 1,
            "fillGradient": 0,
            "grid":
            {},
            "gridPos":
            {
                "h": 5,
                "w": 18,
                "x": 6,
                "y": 17
            },
            "hiddenSeries": false,
            "id": 1,
            "legend":
            {
                "alignAsTable": true,
                "avg": false,
                "current": false,
                "max": false,
                "min": false,
                "rightSide": true,
                "show": false,
                "total": false,
                "values": false
            },
            "lines": true,
            "linewidth": 2,
            "links":
            [],
            "nullPointMode": "connected",
            "options":
            {
                "alertThreshold": true
            },
            "paceLength": 10,
            "percentage": false,
            "pluginVersion": "8.5.4",
            "pointradius": 5,
            "points": false,
            "renderer": "flot",
            "seriesOverrides":
            [],
            "spaceLength": 10,
            "stack": false,
            "steppedLine": false,
            "targets":
            [
                {
                    "datasource":
                    {
                        "type": "prometheus"
                    },
                    "exemplar": true,
                    "expr": "avg by(container) (container_memory_working_set_bytes{pod=~\"$pod\", container=~\"$container\", container!=\"POD\",container!=\"\",image!=\"\"})",
                    "format": "time_series",
                    "interval": "10s",
                    "intervalFactor": 1,
                    "legendFormat": "Current: {{ container}}",
                    "metric": "container_memory_usage_bytes",
                    "refId": "A",
                    "step": 10
                },
                {
                    "datasource":
                    {
                        "type": "prometheus"
                    },
                    "exemplar": true,
                    "expr": "kube_pod_container_resource_requests{resource=\"memory\", pod=~\"$pod\", container=~\"$container\"}",
                    "format": "time_series",
                    "interval": "10s",
                    "intervalFactor": 2,
                    "legendFormat": "Requested: {{ container }}",
                    "metric": "kube_pod_container_resource_requests_memory_bytes",
                    "refId": "B",
                    "step": 20
                },
                {
                    "datasource":
                    {
                        "type": "prometheus"
                    },
                    "exemplar": true,
                    "expr": "kube_pod_container_resource_limits{resource=\"memory\", pod=~\"$pod\", container=~\"$container\"}",
                    "format": "time_series",
                    "interval": "10s",
                    "intervalFactor": 2,
                    "legendFormat": "Limit: {{ container }}",
                    "metric": "kube_pod_container_resource_limits_memory_bytes",
                    "refId": "C",
                    "step": 20
                }
            ],
            "thresholds":
            [],
            "timeRegions":
            [],
            "title": "Memory Usage",
            "tooltip":
            {
                "msResolution": true,
                "shared": true,
                "sort": 0,
                "value_type": "cumulative"
            },
            "type": "graph",
            "xaxis":
            {
                "mode": "time",
                "show": true,
                "values":
                []
            },
            "yaxes":
            [
                {
                    "format": "bytes",
                    "logBase": 1,
                    "show": true
                },
                {
                    "format": "short",
                    "logBase": 1,
                    "show": true
                }
            ],
            "yaxis":
            {
                "align": false
            }
        },
        {
            "datasource":
            {
                "type": "prometheus"
            },
            "fieldConfig":
            {
                "defaults":
                {
                    "color":
                    {
                        "fixedColor": "rgb(31, 120, 193)",
                        "mode": "fixed"
                    },
                    "decimals": 2,
                    "mappings":
                    [
                        {
                            "options":
                            {
                                "match": "null",
                                "result":
                                {
                                    "text": "N/A"
                                }
                            },
                            "type": "special"
                        }
                    ],
                    "thresholds":
                    {
                        "mode": "absolute",
                        "steps":
                        [
                            {
                                "color": "green",
                                "value": null
                            },
                            {
                                "color": "red",
                                "value": 80
                            }
                        ]
                    },
                    "unit": "Bps"
                },
                "overrides":
                []
            },
            "gridPos":
            {
                "h": 5,
                "w": 6,
                "x": 0,
                "y": 22
            },
            "id": 7,
            "links":
            [],
            "maxDataPoints": 100,
            "options":
            {
                "colorMode": "none",
                "graphMode": "area",
                "justifyMode": "auto",
                "orientation": "horizontal",
                "reduceOptions":
                {
                    "calcs":
                    [
                        "lastNotNull"
                    ],
                    "fields": "",
                    "values": false
                },
                "textMode": "auto"
            },
            "pluginVersion": "8.5.4",
            "targets":
            [
                {
                    "datasource":
                    {
                        "type": "prometheus"
                    },
                    "exemplar": true,
                    "expr": "sum(rate(container_network_transmit_bytes_total{namespace=~\"$namespace\",pod=~\"$pod\"}[5m])) + sum(rate(container_network_receive_bytes_total{namespace=~\"$namespace\",pod=~\"$pod\"}[5m])) ",
                    "format": "time_series",
                    "interval": "",
                    "intervalFactor": 2,
                    "legendFormat": "",
                    "refId": "A",
                    "step": 20
                }
            ],
            "title": "Network RX/TX Total (bytes/sec)",
            "type": "stat"
        },
        {
            "aliasColors":
            {},
            "bars": false,
            "dashLength": 10,
            "dashes": false,
            "datasource":
            {
                "type": "prometheus"
            },
            "editable": true,
            "error": false,
            "fill": 1,
            "fillGradient": 0,
            "grid":
            {},
            "gridPos":
            {
                "h": 5,
                "w": 18,
                "x": 6,
                "y": 22
            },
            "hiddenSeries": false,
            "id": 3,
            "legend":
            {
                "alignAsTable": true,
                "avg": false,
                "current": true,
                "max": false,
                "min": false,
                "rightSide": true,
                "show": false,
                "total": false,
                "values": true
            },
            "lines": true,
            "linewidth": 2,
            "links":
            [],
            "nullPointMode": "connected",
            "options":
            {
                "alertThreshold": true
            },
            "paceLength": 10,
            "percentage": false,
            "pluginVersion": "8.5.4",
            "pointradius": 5,
            "points": false,
            "renderer": "flot",
            "seriesOverrides":
            [],
            "spaceLength": 10,
            "stack": false,
            "steppedLine": false,
            "targets":
            [
                {
                    "datasource":
                    {
                        "type": "prometheus"
                    },
                    "exemplar": true,
                    "expr": "rate(container_network_transmit_bytes_total{pod=~\"$pod\",interface=~\"eth0|ens.*\"}[5m])",
                    "format": "time_series",
                    "interval": "",
                    "intervalFactor": 2,
                    "legendFormat": "TX : {{ pod_name }}",
                    "refId": "A",
                    "step": 2
                },
                {
                    "datasource":
                    {
                        "type": "prometheus"
                    },
                    "exemplar": true,
                    "expr": "rate(container_network_receive_bytes_total{pod=~\"$pod\",interface=~\"eth0|ens.*\"}[5m])",
                    "format": "time_series",
                    "interval": "",
                    "intervalFactor": 2,
                    "legendFormat": "RX : {{ pod_name }}",
                    "refId": "B",
                    "step": 2
                }
            ],
            "thresholds":
            [],
            "timeRegions":
            [],
            "title": "POD Network",
            "tooltip":
            {
                "msResolution": true,
                "shared": true,
                "sort": 0,
                "value_type": "cumulative"
            },
            "type": "graph",
            "xaxis":
            {
                "mode": "time",
                "show": true,
                "values":
                []
            },
            "yaxes":
            [
                {
                    "format": "Bps",
                    "logBase": 1,
                    "show": true
                },
                {
                    "format": "short",
                    "logBase": 1,
                    "show": true
                }
            ],
            "yaxis":
            {
                "align": false
            }
        }
    ],
    "refresh": "10s",
    "schemaVersion": 36,
    "style": "dark",
    "tags":
    [
        "kubernetes",
        "pods"
    ],
    "templating":
    {
        "list":
        [
            {
                "current":
                {
                    "selected": true,
                    "text": "stg-mng-clw7wwzs",
                    "value": "stg-mng-clw7wwzs"
                },
                "datasource":
                {
                    "type": "prometheus"
                },
                "definition": "label_values(kubernetes_cluster_name)",
                "description": "",
                "hide": 0,
                "includeAll": false,
                "label": "cluster",
                "multi": false,
                "name": "cluster",
                "options":
                [],
                "query":
                {
                    "query": "label_values(kubernetes_cluster_name)",
                    "refId": "StandardVariableQuery"
                },
                "refresh": 1,
                "regex": "",
                "skipUrlSync": false,
                "sort": 0,
                "type": "query"
            },
            {
                "allValue": "",
                "current":
                {
                    "isNone": true,
                    "selected": true,
                    "text": "None",
                    "value": ""
                },
                "datasource":
                {
                    "type": "prometheus"
                },
                "definition": "label_values(kube_pod_info{kubernetes_cluster_name=~\"$cluster\"}, namespace)",
                "hide": 0,
                "includeAll": false,
                "label": "Namespace",
                "multi": false,
                "name": "namespace",
                "options":
                [],
                "query":
                {
                    "query": "label_values(kube_pod_info{kubernetes_cluster_name=~\"$cluster\"}, namespace)",
                    "refId": "StandardVariableQuery"
                },
                "refresh": 1,
                "regex": "",
                "skipUrlSync": false,
                "sort": 0,
                "tagValuesQuery": "",
                "tagsQuery": "",
                "type": "query",
                "useTags": false
            },
            {
                "current":
                {
                    "isNone": true,
                    "selected": true,
                    "text": "None",
                    "value": ""
                },
                "datasource":
                {
                    "type": "prometheus"
                },
                "definition": "label_values(kube_pod_info{kubernetes_cluster_name=~\"$cluster\", namespace=~\"$namespace\"}, pod)",
                "hide": 0,
                "includeAll": false,
                "label": "Pod",
                "multi": false,
                "name": "pod",
                "options":
                [],
                "query":
                {
                    "query": "label_values(kube_pod_info{kubernetes_cluster_name=~\"$cluster\", namespace=~\"$namespace\"}, pod)",
                    "refId": "StandardVariableQuery"
                },
                "refresh": 1,
                "regex": "",
                "skipUrlSync": false,
                "sort": 0,
                "tagValuesQuery": "",
                "tagsQuery": "",
                "type": "query",
                "useTags": false
            },
            {
                "allValue": ".*",
                "current":
                {
                    "selected": false,
                    "text": "All",
                    "value": "$__all"
                },
                "datasource":
                {
                    "type": "prometheus"
                },
                "definition": "label_values(kube_pod_container_info{kubernetes_cluster_name=~\"$cluster\", namespace=\"$namespace\", pod=~\"$pod\"}, container)",
                "hide": 0,
                "includeAll": true,
                "label": "Container",
                "multi": false,
                "name": "container",
                "options":
                [],
                "query":
                {
                    "query": "label_values(kube_pod_container_info{kubernetes_cluster_name=~\"$cluster\", namespace=\"$namespace\", pod=~\"$pod\"}, container)",
                    "refId": "StandardVariableQuery"
                },
                "refresh": 1,
                "regex": "",
                "skipUrlSync": false,
                "sort": 0,
                "tagValuesQuery": "",
                "tagsQuery": "",
                "type": "query",
                "useTags": false
            }
        ]
    },
    "time":
    {
        "from": "now-30m",
        "to": "now"
    },
    "timepicker":
    {
        "refresh_intervals":
        [
            "5s",
            "10s",
            "30s",
            "1m",
            "5m",
            "15m",
            "30m",
            "1h",
            "2h",
            "1d"
        ],
        "time_options":
        [
            "5m",
            "15m",
            "1h",
            "6h",
            "12h",
            "24h",
            "2d",
            "7d",
            "30d"
        ]
    },
    "timezone": "browser",
    "title": "Kubernetes / Resource / Pod",
    "uid": "100002",
    "version": 1,
    "weekStart": ""
}